{
	"info": {
		"_postman_id": "ec50b91b-3eab-4f28-8453-6ad75d3e59c4",
		"name": "Carrito",
		"schema": "https://schema.getpostman.com/json/collection/v2.1.0/collection.json",
		"_exporter_id": "44839598",
		"_collection_link": "https://diony-6470111.postman.co/workspace/Diony's-Workspace~0d096bca-d218-428b-861a-4c80bb7e8b32/collection/44839598-ec50b91b-3eab-4f28-8453-6ad75d3e59c4?action=share&source=collection_link&creator=44839598"
	},
	"item": [
		{
			"name": "http://localhost:8086/Api/Carrito/agregar/3?cantidad=4\n",
			"request": {
				"auth": {
					"type": "noauth"
				},
				"method": "POST",
				"header": [],
				"body": {
					"mode": "raw",
					"raw": "",
					"options": {
						"raw": {
							"language": "json"
						}
					}
				},
				"url": {
					"raw": "http://localhost:8086/Api/Carrito/agregar/3?cantidad=4\n",
					"protocol": "http",
					"host": [
						"localhost"
					],
					"port": "8086",
					"path": [
						"Api",
						"Carrito",
						"agregar",
						"3"
					],
					"query": [
						{
							"key": "cantidad",
							"value": "4\n"
						}
					]
				}
			},
			"response": []
		},
		{
			"name": "http://localhost:8086/Api/Carrito/agregar/2?cantidad=1\n",
			"request": {
				"auth": {
					"type": "noauth"
				},
				"method": "POST",
				"header": [],
				"body": {
					"mode": "raw",
					"raw": "",
					"options": {
						"raw": {
							"language": "json"
						}
					}
				},
				"url": {
					"raw": "http://localhost:8086/Api/Carrito/agregar/2?cantidad=1\n",
					"protocol": "http",
					"host": [
						"localhost"
					],
					"port": "8086",
					"path": [
						"Api",
						"Carrito",
						"agregar",
						"2"
					],
					"query": [
						{
							"key": "cantidad",
							"value": "1\n"
						}
					]
				}
			},
			"response": []
		},
		{
			"name": "http://localhost:8086/Api/Carrito",
			"protocolProfileBehavior": {
				"disableBodyPruning": true
			},
			"request": {
				"auth": {
					"type": "noauth"
				},
				"method": "GET",
				"header": [],
				"body": {
					"mode": "raw",
					"raw": "",
					"options": {
						"raw": {
							"language": "json"
						}
					}
				},
				"url": {
					"raw": "http://localhost:8086/Api/Carrito",
					"protocol": "http",
					"host": [
						"localhost"
					],
					"port": "8086",
					"path": [
						"Api",
						"Carrito"
					]
				}
			},
			"response": []
		},
		{
			"name": "http://localhost:8086/Api/Carrito/eliminar/3",
			"request": {
				"auth": {
					"type": "noauth"
				},
				"method": "DELETE",
				"header": [],
				"body": {
					"mode": "raw",
					"raw": "",
					"options": {
						"raw": {
							"language": "json"
						}
					}
				},
				"url": {
					"raw": "http://localhost:8086/Api/Carrito/eliminar/3",
					"protocol": "http",
					"host": [
						"localhost"
					],
					"port": "8086",
					"path": [
						"Api",
						"Carrito",
						"eliminar",
						"3"
					]
				}
			},
			"response": []
		},
		{
			"name": "http://localhost:8086/Api/Carrito/vaciar",
			"request": {
				"auth": {
					"type": "noauth"
				},
				"method": "DELETE",
				"header": [],
				"body": {
					"mode": "raw",
					"raw": "",
					"options": {
						"raw": {
							"language": "json"
						}
					}
				},
				"url": {
					"raw": "http://localhost:8086/Api/Carrito/vaciar",
					"protocol": "http",
					"host": [
						"localhost"
					],
					"port": "8086",
					"path": [
						"Api",
						"Carrito",
						"vaciar"
					]
				}
			},
			"response": []
		},
		{
			"name": "http://localhost:8086/Api/Carrito",
			"protocolProfileBehavior": {
				"disableBodyPruning": true
			},
			"request": {
				"auth": {
					"type": "noauth"
				},
				"method": "GET",
				"header": [],
				"body": {
					"mode": "raw",
					"raw": "",
					"options": {
						"raw": {
							"language": "json"
						}
					}
				},
				"url": {
					"raw": "http://localhost:8086/Api/Carrito",
					"protocol": "http",
					"host": [
						"localhost"
					],
					"port": "8086",
					"path": [
						"Api",
						"Carrito"
					]
				}
			},
			"response": []
		},
		{
			"name": "http://localhost:8086/Api/Carrito",
			"protocolProfileBehavior": {
				"disableBodyPruning": true
			},
			"request": {
				"auth": {
					"type": "noauth"
				},
				"method": "GET",
				"header": [],
				"body": {
					"mode": "raw",
					"raw": "",
					"options": {
						"raw": {
							"language": "json"
						}
					}
				},
				"url": {
					"raw": "http://localhost:8086/Api/Carrito",
					"protocol": "http",
					"host": [
						"localhost"
					],
					"port": "8086",
					"path": [
						"Api",
						"Carrito"
					]
				}
			},
			"response": []
		}
	]
}