{
	"info": {
		"_postman_id": "e88f134f-4945-43b8-92cf-14f7d517ed2e",
		"name": "Inventario",
		"schema": "https://schema.getpostman.com/json/collection/v2.1.0/collection.json",
		"_exporter_id": "44839598",
		"_collection_link": "https://diony-6470111.postman.co/workspace/Diony's-Workspace~0d096bca-d218-428b-861a-4c80bb7e8b32/collection/44839598-e88f134f-4945-43b8-92cf-14f7d517ed2e?action=share&source=collection_link&creator=44839598"
	},
	"item": [
		{
			"name": "http://localhost:8086/inventario/productos",
			"protocolProfileBehavior": {
				"disableBodyPruning": true
			},
			"request": {
				"method": "GET",
				"header": [],
				"body": {
					"mode": "raw",
					"raw": "{\r\n    \"nombre\": \"Esterilla Yoga Antideslizante\",\r\n    \"descripcion\": \"Esterilla de PVC con superficie adherente, ideal para yoga o pilates\",\r\n    \"categoria\": \"Accesorios\",\r\n    \"precio\": 12990.0,\r\n    \"cantidad\": 50\r\n}",
					"options": {
						"raw": {
							"language": "json"
						}
					}
				},
				"url": {
					"raw": "http://localhost:8086/inventario/productos",
					"protocol": "http",
					"host": [
						"localhost"
					],
					"port": "8086",
					"path": [
						"inventario",
						"productos"
					]
				}
			},
			"response": []
		},
		{
			"name": "http://localhost:8086/inventario/productos/2",
			"protocolProfileBehavior": {
				"disableBodyPruning": true
			},
			"request": {
				"method": "GET",
				"header": [],
				"body": {
					"mode": "raw",
					"raw": "{\r\n    \"nombre\": \"Esterilla Yoga Antideslizante\",\r\n    \"descripcion\": \"Esterilla de PVC con superficie adherente, ideal para yoga o pilates\",\r\n    \"categoria\": \"Accesorios\",\r\n    \"precio\": 12990.0,\r\n    \"cantidad\": 50\r\n}",
					"options": {
						"raw": {
							"language": "json"
						}
					}
				},
				"url": {
					"raw": "http://localhost:8086/inventario/productos/2",
					"protocol": "http",
					"host": [
						"localhost"
					],
					"port": "8086",
					"path": [
						"inventario",
						"productos",
						"2"
					]
				}
			},
			"response": []
		},
		{
			"name": "http://localhost:8086/inventario/productos/3",
			"protocolProfileBehavior": {
				"disableBodyPruning": true
			},
			"request": {
				"method": "GET",
				"header": [],
				"body": {
					"mode": "raw",
					"raw": "{\r\n    \"nombre\": \"Esterilla Yoga Antideslizante\",\r\n    \"descripcion\": \"Esterilla de PVC con superficie adherente, ideal para yoga o pilates\",\r\n    \"categoria\": \"Accesorios\",\r\n    \"precio\": 12990.0,\r\n    \"cantidad\": 50\r\n}",
					"options": {
						"raw": {
							"language": "json"
						}
					}
				},
				"url": {
					"raw": "http://localhost:8086/inventario/productos/3",
					"protocol": "http",
					"host": [
						"localhost"
					],
					"port": "8086",
					"path": [
						"inventario",
						"productos",
						"3"
					]
				}
			},
			"response": []
		},
		{
			"name": "http://localhost:8086/inventario/productos/1",
			"protocolProfileBehavior": {
				"disableBodyPruning": true
			},
			"request": {
				"method": "GET",
				"header": [],
				"body": {
					"mode": "raw",
					"raw": "{\r\n    \"nombre\": \"Esterilla Yoga Antideslizante\",\r\n    \"descripcion\": \"Esterilla de PVC con superficie adherente, ideal para yoga o pilates\",\r\n    \"categoria\": \"Accesorios\",\r\n    \"precio\": 12990.0,\r\n    \"cantidad\": 50\r\n}",
					"options": {
						"raw": {
							"language": "json"
						}
					}
				},
				"url": {
					"raw": "http://localhost:8086/inventario/productos/1",
					"protocol": "http",
					"host": [
						"localhost"
					],
					"port": "8086",
					"path": [
						"inventario",
						"productos",
						"1"
					]
				}
			},
			"response": []
		},
		{
			"name": "http://localhost:8086/inventario/productos",
			"request": {
				"method": "POST",
				"header": [],
				"body": {
					"mode": "raw",
					"raw": "{\r\n    \"nombre\": \"Esterilla Yoga Antideslizante\",\r\n    \"descripcion\": \"Esterilla de PVC con superficie adherente, ideal para yoga o pilates\",\r\n    \"categoria\": \"Accesorios\",\r\n    \"precio\": 12990.0,\r\n    \"cantidad\": 50\r\n}",
					"options": {
						"raw": {
							"language": "json"
						}
					}
				},
				"url": {
					"raw": "http://localhost:8086/inventario/productos",
					"protocol": "http",
					"host": [
						"localhost"
					],
					"port": "8086",
					"path": [
						"inventario",
						"productos"
					]
				}
			},
			"response": []
		},
		{
			"name": "http://localhost:8086/inventario/productos",
			"request": {
				"method": "POST",
				"header": [],
				"body": {
					"mode": "raw",
					"raw": "{\r\n    \"nombre\": \"Banco de Pesas Plegable\",\r\n    \"descripcion\": \"Banco ajustable multiángulo para entrenamiento de pecho y brazos\",\r\n    \"categoria\": \"Fuerza\",\r\n    \"precio\": 89990.0,\r\n    \"cantidad\": 8\r\n}",
					"options": {
						"raw": {
							"language": "json"
						}
					}
				},
				"url": {
					"raw": "http://localhost:8086/inventario/productos",
					"protocol": "http",
					"host": [
						"localhost"
					],
					"port": "8086",
					"path": [
						"inventario",
						"productos"
					]
				}
			},
			"response": []
		},
		{
			"name": "http://localhost:8086/inventario/productos",
			"request": {
				"method": "POST",
				"header": [],
				"body": {
					"mode": "raw",
					"raw": "[\r\n  {\r\n    \"nombre\": \"Bicicleta Spinning Pro\",\r\n    \"descripcion\": \"Bicicleta estática para entrenamiento indoor de alta resistencia\",\r\n    \"categoria\": \"Cardio\",\r\n    \"precio\": 299990.0,\r\n    \"cantidad\": 10\r\n  },\r\n  {\r\n    \"nombre\": \"Mancuerna Hexagonal 10kg\",\r\n    \"descripcion\": \"Mancuerna recubierta en goma, ideal para entrenamiento de fuerza\",\r\n    \"categoria\": \"Pesas\",\r\n    \"precio\": 19990.0,\r\n    \"cantidad\": 25\r\n  },\r\n  {\r\n    \"nombre\": \"Esterilla Yoga Antideslizante\",\r\n    \"descripcion\": \"Esterilla de PVC con superficie adherente, ideal para yoga o pilates\",\r\n    \"categoria\": \"Accesorios\",\r\n    \"precio\": 12990.0,\r\n    \"cantidad\": 50\r\n  },\r\n  {\r\n    \"nombre\": \"Cuerda de Salto Ajustable\",\r\n    \"descripcion\": \"Cuerda con rodamientos y mango ergonómico para entrenamiento funcional\",\r\n    \"categoria\": \"Cardio\",\r\n    \"precio\": 5990.0,\r\n    \"cantidad\": 40\r\n  },\r\n  {\r\n    \"nombre\": \"Banco de Pesas Plegable\",\r\n    \"descripcion\": \"Banco ajustable multiángulo para entrenamiento de pecho y brazos\",\r\n    \"categoria\": \"Fuerza\",\r\n    \"precio\": 89990.0,\r\n    \"cantidad\": 8\r\n  }\r\n]\r\n",
					"options": {
						"raw": {
							"language": "json"
						}
					}
				},
				"url": {
					"raw": "http://localhost:8086/inventario/productos",
					"protocol": "http",
					"host": [
						"localhost"
					],
					"port": "8086",
					"path": [
						"inventario",
						"productos"
					]
				}
			},
			"response": []
		},
		{
			"name": "http://localhost:8086/inventario/productos",
			"request": {
				"method": "POST",
				"header": [],
				"body": {
					"mode": "raw",
					"raw": "{\r\n  \"nombre\": \"Banco Plano\",\r\n  \"descripcion\": \"Banco para entrenamiento con pesas\",\r\n  \"categoria\": \"Fuerza\",\r\n  \"precio\": 49990.0,\r\n  \"cantidad\": 12\r\n}",
					"options": {
						"raw": {
							"language": "json"
						}
					}
				},
				"url": {
					"raw": "http://localhost:8086/inventario/productos",
					"protocol": "http",
					"host": [
						"localhost"
					],
					"port": "8086",
					"path": [
						"inventario",
						"productos"
					]
				}
			},
			"response": []
		},
		{
			"name": "http://localhost:8086/inventario/productos/1",
			"protocolProfileBehavior": {
				"disableBodyPruning": true
			},
			"request": {
				"method": "GET",
				"header": [],
				"body": {
					"mode": "raw",
					"raw": "{\r\n  \"nombre\": \"Mancuerna Hexagonal 10kg PRO\",\r\n  \"descripcion\": \"Versión profesional de mancuerna\",\r\n  \"categoria\": \"Pesas\",\r\n  \"precio\": 22990.0,\r\n  \"cantidad\": 30\r\n}\r\n\r\n\r\n\r\n",
					"options": {
						"raw": {
							"language": "json"
						}
					}
				},
				"url": {
					"raw": "http://localhost:8086/inventario/productos/1",
					"protocol": "http",
					"host": [
						"localhost"
					],
					"port": "8086",
					"path": [
						"inventario",
						"productos",
						"1"
					]
				}
			},
			"response": []
		},
		{
			"name": "http://localhost:8086/inventario/productos/1",
			"request": {
				"method": "DELETE",
				"header": [],
				"body": {
					"mode": "raw",
					"raw": "{\r\n  \"nombre\": \"Mancuerna Hexagonal 10kg PRO\",\r\n  \"descripcion\": \"Versión profesional de mancuerna\",\r\n  \"categoria\": \"Pesas\",\r\n  \"precio\": 22990.0,\r\n  \"cantidad\": 30\r\n}\r\n\r\n\r\n\r\n",
					"options": {
						"raw": {
							"language": "json"
						}
					}
				},
				"url": {
					"raw": "http://localhost:8086/inventario/productos/1",
					"protocol": "http",
					"host": [
						"localhost"
					],
					"port": "8086",
					"path": [
						"inventario",
						"productos",
						"1"
					]
				}
			},
			"response": []
		},
		{
			"name": "http://localhost:8086/inventario/productos/1",
			"protocolProfileBehavior": {
				"disableBodyPruning": true
			},
			"request": {
				"method": "GET",
				"header": [],
				"body": {
					"mode": "raw",
					"raw": "{\r\n  \"nombre\": \"Mancuerna Hexagonal 10kg PRO\",\r\n  \"descripcion\": \"Versión profesional de mancuerna\",\r\n  \"categoria\": \"Pesas\",\r\n  \"precio\": 22990.0,\r\n  \"cantidad\": 30\r\n}\r\n\r\n\r\n\r\n",
					"options": {
						"raw": {
							"language": "json"
						}
					}
				},
				"url": {
					"raw": "http://localhost:8086/inventario/productos/1",
					"protocol": "http",
					"host": [
						"localhost"
					],
					"port": "8086",
					"path": [
						"inventario",
						"productos",
						"1"
					]
				}
			},
			"response": []
		},
		{
			"name": "http://localhost:8086/inventario/productos/1",
			"request": {
				"method": "PUT",
				"header": [],
				"body": {
					"mode": "raw",
					"raw": "{\r\n  \"nombre\": \"Mancuerna Hexagonal 10kg PRO\",\r\n  \"descripcion\": \"Versión profesional de mancuerna\",\r\n  \"categoria\": \"Pesas\",\r\n  \"precio\": 22990.0,\r\n  \"cantidad\": 30\r\n}\r\n\r\n\r\n\r\n",
					"options": {
						"raw": {
							"language": "json"
						}
					}
				},
				"url": {
					"raw": "http://localhost:8086/inventario/productos/1",
					"protocol": "http",
					"host": [
						"localhost"
					],
					"port": "8086",
					"path": [
						"inventario",
						"productos",
						"1"
					]
				}
			},
			"response": []
		},
		{
			"name": "http://localhost:8086/inventario/productos",
			"request": {
				"method": "POST",
				"header": [],
				"body": {
					"mode": "raw",
					"raw": "{\r\n  \"nombre\": \"Mancuerna Hexagonal 10kg\",\r\n  \"descripcion\": \"Mancuerna recubierta de goma\",\r\n  \"categoria\": \"Pesas\",\r\n  \"precio\": 19990.0,\r\n  \"cantidad\": 25\r\n}\r\n\r\n\r\n",
					"options": {
						"raw": {
							"language": "json"
						}
					}
				},
				"url": {
					"raw": "http://localhost:8086/inventario/productos",
					"protocol": "http",
					"host": [
						"localhost"
					],
					"port": "8086",
					"path": [
						"inventario",
						"productos"
					]
				}
			},
			"response": []
		}
	]
}